mode,policy,rotation,cap_mib,interval_ms,window_ms,start_ms,drain_finished_ms,scheduled_batches,completed_batches,dropped_batches,coverage_pass,cpu_complete_match,window_completed_batches,completion_fraction,window_queries_per_s,p99_response_ms,p50_response_ms,max_response_ms,p99_service_ms,mean_service_ms,p99_queue_ms,max_waiting_batches,max_maintenance_backlog,max_publication_lag_ms,max_maintenance_queue_ms,uploaded_bytes,merged_host_rw_bytes,merges,deferred,end_runs,peak_vram_bytes,host_maxrss_kib,case_name,technical_pass
growth,all_delta,0,1280,0.54,8000,898.199572,8898.176786,14815,14815,0,True,True,14815,1.0,14815.0,0.994073999999,0.445313,6.853868,0.936358,0.3980028971312836,0.454872,11,1,11.419929000000138,0.113016,34360452,0,0,0,7,1277034496,834668,test_r0_cap1280_all_delta_growth,True
shadow,all_delta,0,1280,0.54,8000,820.874838,8820.814095,14815,14815,0,True,True,14815,1.0,14815.0,0.870243,0.376565,6.722452,0.813401,0.32521695680054047,0.330937,11,1,9.383076999999957,0.129192,34360452,0,0,0,7,1277034496,835712,test_r0_cap1280_all_delta_shadow,True
growth,compact,0,1280,0.54,8000,852.934568,8852.917463,14815,14815,0,True,True,14815,1.0,14815.0,0.992406,0.446701,5.852777,0.935594999999,0.39755526115423867,0.452832000001,9,1,10.180179999999837,0.117856999999,34360452,0,0,6,7,1277034496,835688,test_r0_cap1280_compact_growth,True
shadow,compact,0,1280,0.54,8000,903.218178,8903.129239,14815,14815,0,True,True,14815,1.0,14815.0,0.871917,0.377291999999,6.714711,0.814851,0.3245705687478939,0.332634,11,1,10.520895999999993,0.133376,34360452,0,0,6,7,1277034496,835700,test_r0_cap1280_compact_shadow,True
growth,periodic6,0,1280,0.54,8000,882.394655,8882.3697,14815,14815,0,True,True,14815,1.0,14815.0,0.996115,0.448286,6.146365,0.937718,0.3997559014512364,0.456725,10,1,11.30764999999974,0.131937,34360452,0,0,1,7,1277034496,835748,test_r0_cap1280_periodic6_growth,True
shadow,periodic6,0,1280,0.54,8000,896.424337,8896.352668,14815,14815,0,True,True,14815,1.0,14815.0,0.870136,0.375603,6.621505,0.813399,0.32332291265608315,0.330863,11,1,10.541469000000234,0.129346,34360452,0,0,1,7,1277034496,835684,test_r0_cap1280_periodic6_shadow,True
static_base,all_delta,0,1280,0.54,8000,800.218233,8800.148354,14815,14815,0,True,True,14815,1.0,14815.0,0.865257,0.371091999999,6.477372,0.808984,0.3193847808302382,0.325551,11,0,0,0,0,0,0,0,1,1277034496,834648,test_r0_cap1280_static_base,True
static_final,all_delta,0,1280,0.54,8000,1156.801352,9156.764515,14815,14815,0,True,True,14815,1.0,14815.0,0.990814,0.447984,5.760741,0.933932,0.4126040641242038,0.451172999999,9,0,0,0,0,0,0,0,1,1277034496,1043344,test_r0_cap1280_static_final,True
growth,tier4,0,1280,0.54,8000,812.153795,8812.115213,14815,14815,0,True,True,14815,1.0,14815.0,0.990599,0.445129,6.548778,0.934139,0.39639178724265656,0.450989,11,1,33.00198999999975,0.0810369999999,70686882,72652860,4,0,3,1277034496,835708,test_r0_cap1280_tier4_growth,True
shadow,tier4,0,1280,0.54,8000,901.524628,8901.463546,14815,14815,0,True,True,14815,1.0,14815.0,0.870277,0.378036,6.520776,0.813603,0.3254241323658359,0.330868999999,11,1,39.879747999999836,0.0824080000002,70686882,72652860,4,0,3,1277034496,835708,test_r0_cap1280_tier4_shadow,True
growth,all_delta,0,2048,0.54,8000,904.97284,8904.948913,14815,14815,0,True,True,14815,1.0,14815.0,0.994721,0.444313999999,6.666623,0.936662,0.3978398656091782,0.455293,11,1,11.74020900000005,0.114522,34360452,0,0,0,7,2082340864,835688,test_r0_cap2048_all_delta_growth,True
shadow,all_delta,0,2048,0.54,8000,828.669921,8828.598845,14815,14815,0,True,True,14815,1.0,14815.0,0.869909,0.375950999999,6.887581,0.813011,0.32323847343908196,0.330538,11,1,9.288493000000017,0.138470999999,34360452,0,0,0,7,2082340864,833636,test_r0_cap2048_all_delta_shadow,True
growth,compact,0,2048,0.54,8000,907.097351,8907.063316,14815,14815,0,True,True,14815,1.0,14815.0,17.932473,0.438881999999,24.277422,0.936308,0.3933838068174182,17.392758,43,1,561.1594530000002,0.0686699999997,2586180240,5103639576,6,0,1,2082340864,1457860,test_r0_cap2048_compact_growth,False
shadow,compact,0,2048,0.54,8000,946.764568,8946.692139,14815,14815,0,True,True,14815,1.0,14815.0,0.874483,0.378387,6.85358,0.816021,0.32695140263246775,0.335274,11,1,527.3251179999997,0.073304,2586180240,5103639576,6,0,1,2082340864,1458520,test_r0_cap2048_compact_shadow,True
growth,periodic6,0,2048,0.54,8000,896.907785,8896.871356,14815,14815,0,True,True,14815,1.0,14815.0,0.99449,0.442051999999,5.850255,0.93654,0.39623054195072555,0.454958,9,1,722.4728379999997,0.0897440000008,466098318,863475732,1,0,1,2082340864,1041332,test_r0_cap2048_periodic6_growth,True
shadow,periodic6,0,2048,0.54,8000,904.664818,8904.593581,14815,14815,0,True,True,14815,1.0,14815.0,0.870279,0.375749,6.560817,0.813124,0.32207573108336096,0.33089,11,1,539.443389,0.124429,466098318,863475732,1,0,1,2082340864,1038304,test_r0_cap2048_periodic6_shadow,True
static_base,all_delta,0,2048,0.54,8000,822.729769,8822.665466,14815,14815,0,True,True,14815,1.0,14815.0,0.867982,0.373105,5.965471,0.81168,0.3210314562267966,0.328417,10,0,0,0,0,0,0,0,1,2082340864,834668,test_r0_cap2048_static_base,True
static_final,all_delta,0,2048,0.54,8000,1183.008855,9182.973837,14815,14815,0,True,True,14815,1.0,14815.0,0.991625,0.447517,6.605497,0.933811,0.4127257403307419,0.451927,11,0,0,0,0,0,0,0,1,2082340864,1044444,test_r0_cap2048_static_final,True
growth,tier4,0,2048,0.54,8000,943.267867,8943.234775,14815,14815,0,True,True,14815,1.0,14815.0,0.994238,0.443719,7.009101,0.936898,0.3973007646304418,0.454808,11,1,43.81182799999988,0.0748600000002,70686882,72652860,4,0,3,2082340864,835708,test_r0_cap2048_tier4_growth,True
shadow,tier4,0,2048,0.54,8000,915.782909,8915.721085,14815,14815,0,True,True,14815,1.0,14815.0,0.87102,0.37739,7.375163,0.814443,0.3253139841376918,0.331533,12,1,43.351830000000064,0.086491,70686882,72652860,4,0,3,2082340864,834764,test_r0_cap2048_tier4_shadow,True
growth,all_delta,1,1280,0.54,8000,905.08572,8905.062807,14815,14815,0,True,True,14815,1.0,14815.0,0.992510999999,0.446663,6.145446,0.935742000001,0.39794673911575884,0.453058999999,10,1,10.856968000000052,0.133993,34360452,0,0,0,7,1277034496,834712,test_r1_cap1280_all_delta_growth,True
shadow,all_delta,1,1280,0.54,8000,913.470997,8913.399173,14815,14815,0,True,True,14815,1.0,14815.0,0.870385,0.37349,6.183434,0.81327,0.3217362868039169,0.330952,10,1,10.4729769999999,0.131269,34360452,0,0,0,7,1277034496,835672,test_r1_cap1280_all_delta_shadow,True
growth,compact,1,1280,0.54,8000,913.452585,8913.437164,14815,14815,0,True,True,14815,1.0,14815.0,0.998883,0.450218,7.098201,0.937516,0.4009894299021276,0.459293,12,1,11.596817999999985,0.158516,34360452,0,0,6,7,1277034496,834688,test_r1_cap1280_compact_growth,True
shadow,compact,1,1280,0.54,8000,903.802881,8903.728807,14815,14815,0,True,True,14815,1.0,14815.0,0.870782,0.377591,7.266754,0.813929,0.3252987698278757,0.331454,12,1,11.242041999999856,0.128444,34360452,0,0,6,7,1277034496,835700,test_r1_cap1280_compact_shadow,True
growth,periodic6,1,1280,0.54,8000,897.87037,8897.848697,14815,14815,0,True,True,14815,1.0,14815.0,0.994882,0.446428,6.589035,0.936862,0.39892483665203876,0.455479,11,1,10.881586999999854,0.119414999999,34360452,0,0,1,7,1277034496,835708,test_r1_cap1280_periodic6_growth,True
shadow,periodic6,1,1280,0.54,8000,913.747956,8913.67794,14815,14815,0,True,True,14815,1.0,14815.0,0.86989,0.375953999999,6.339061,0.813257,0.3239042895713836,0.330612,10,1,11.592016000000058,0.12662,34360452,0,0,1,7,1277034496,834768,test_r1_cap1280_periodic6_shadow,True
static_base,all_delta,1,1280,0.54,8000,823.806411,8823.746313,14815,14815,0,True,True,14815,1.0,14815.0,0.866557,0.375626999999,5.947115,0.810679,0.3230968753965624,0.327025,10,0,0,0,0,0,0,0,1,1277034496,835656,test_r1_cap1280_static_base,True
static_final,all_delta,1,1280,0.54,8000,1195.00255,9194.966452,14815,14815,0,True,True,14815,1.0,14815.0,0.992579999999,0.44984,6.095749,0.934674,0.4134887936550765,0.452950999999,10,0,0,0,0,0,0,0,1,1277034496,1043376,test_r1_cap1280_static_final,True
growth,tier4,1,1280,0.54,8000,836.992959,8836.967316,14815,14815,0,True,True,14815,1.0,14815.0,0.991583,0.445109,6.684664,0.934523,0.39712944319946053,0.45206,11,1,43.333848999999645,0.0981339999998,70686882,72652860,4,0,3,1277034496,835660,test_r1_cap1280_tier4_growth,True
shadow,tier4,1,1280,0.54,8000,917.720319,8917.650787,14815,14815,0,True,True,14815,1.0,14815.0,0.869572,0.376123999999,6.929352,0.81319,0.3247635897401302,0.330136,11,1,42.58092799999986,0.0844729999999,70686882,72652860,4,0,3,1277034496,834744,test_r1_cap1280_tier4_shadow,True
growth,all_delta,1,2048,0.54,8000,872.212976,8872.189024,14815,14815,0,True,True,14815,1.0,14815.0,0.993941,0.444254999999,7.48168,0.935733,0.39721779419507053,0.454369,12,1,10.556322000000364,0.108303,34360452,0,0,0,7,2082340864,834668,test_r1_cap2048_all_delta_growth,True
shadow,all_delta,1,2048,0.54,8000,832.021494,8831.950405,14815,14815,0,True,True,14815,1.0,14815.0,0.868939,0.373134,6.617789,0.812441,0.32116174168072625,0.329756,11,1,10.905697000000146,0.171702999999,34360452,0,0,0,7,2082340864,835740,test_r1_cap2048_all_delta_shadow,True
growth,compact,1,2048,0.54,8000,937.380874,8937.34337,14815,14815,0,True,True,14815,1.0,14815.0,17.643643,0.437298999999,22.817699,0.934692999999,0.39376893445831535,17.105788,41,1,560.7745810000001,0.0726009999998,2586180240,5103639576,6,0,1,2082340864,1459100,test_r1_cap2048_compact_growth,False
shadow,compact,1,2048,0.54,8000,941.440758,8941.371427,14815,14815,0,True,True,14815,1.0,14815.0,4.655182,0.377293,15.975939,0.816617,0.32897553911576094,4.115493,28,1,544.8719289999999,0.0734140000004,2586180240,5103639576,6,0,1,2082340864,1457780,test_r1_cap2048_compact_shadow,False
growth,periodic6,1,2048,0.54,8000,911.977227,8911.941677,14815,14815,0,True,True,14815,1.0,14815.0,0.992289,0.439692999998,6.434942,0.934457,0.39503739480256417,0.452902999999,10,1,562.3985069999999,0.158605000001,466098318,863475732,1,0,1,2082340864,1040280,test_r1_cap2048_periodic6_growth,True
shadow,periodic6,1,2048,0.54,8000,921.81382,8921.743178,14815,14815,0,True,True,14815,1.0,14815.0,0.870654,0.374614999999,6.773986,0.813357,0.3229749312183596,0.331614,11,1,544.0789909999994,0.127860000001,466098318,863475732,1,0,1,2082340864,1037032,test_r1_cap2048_periodic6_shadow,True
static_base,all_delta,1,2048,0.54,8000,892.916569,8892.845398,14815,14815,0,True,True,14815,1.0,14815.0,0.870269,0.375736999999,5.83708,0.813512,0.32198396969287635,0.330828,9,0,0,0,0,0,0,0,1,2082340864,835696,test_r1_cap2048_static_base,True
static_final,all_delta,1,2048,0.54,8000,1330.727413,9330.693009,14815,14815,0,True,True,14815,1.0,14815.0,2.203289,0.451097,7.893945,0.935808,0.4145388901788632,1.663501,13,0,0,0,0,0,0,0,1,2082340864,1042216,test_r1_cap2048_static_final,True
growth,tier4,1,2048,0.54,8000,914.073541,8914.048749,14815,14815,0,True,True,14815,1.0,14815.0,0.993887,0.446121,6.947285,0.936475,0.39717777502531404,0.454415,11,1,41.5516719999996,0.0840970000004,70686882,72652860,4,0,3,2082340864,835720,test_r1_cap2048_tier4_growth,True
shadow,tier4,1,2048,0.54,8000,837.588969,8837.525909,14815,14815,0,True,True,14815,1.0,14815.0,0.868308999999,0.374213,6.088237,0.812265,0.3226090520418549,0.328772,10,1,45.122417999999925,0.0846030000002,70686882,72652860,4,0,3,2082340864,835672,test_r1_cap2048_tier4_shadow,True
growth,all_delta,2,1280,0.54,8000,831.217337,8831.19495,14815,14815,0,True,True,14815,1.0,14815.0,0.995812,0.446125999999,6.759864,0.937012,0.3981768246371975,0.456332,11,1,11.082351000000017,0.0994620000001,34360452,0,0,0,7,1277034496,835684,test_r2_cap1280_all_delta_growth,True
shadow,all_delta,2,1280,0.54,8000,823.995931,8823.933923,14815,14815,0,True,True,14815,1.0,14815.0,0.869334999999,0.375553,6.980579,0.812421000001,0.323688007492406,0.329792,11,1,9.823847000000114,0.143637,34360452,0,0,0,7,1277034496,835744,test_r2_cap1280_all_delta_shadow,True
growth,compact,2,1280,0.54,8000,826.228063,8826.204989,14815,14815,0,True,True,14815,1.0,14815.0,0.993738999998,0.446877,6.954821,0.93557,0.39774026493418774,0.454194999999,11,1,10.261449000000084,0.12897,34360452,0,0,6,7,1277034496,835672,test_r2_cap1280_compact_growth,True
shadow,compact,2,1280,0.54,8000,908.349613,8908.28818,14815,14815,0,True,True,14815,1.0,14815.0,0.870712,0.376668,6.891731,0.813333999999,0.32441884927438897,0.331208999999,11,1,8.806250999999975,0.117233,34360452,0,0,6,7,1277034496,835720,test_r2_cap1280_compact_shadow,True
growth,periodic6,2,1280,0.54,8000,844.200356,8844.179038,14815,14815,0,True,True,14815,1.0,14815.0,0.992931,0.445771,7.32961,0.935507,0.3976765962200496,0.454057,12,1,10.856090000000222,0.115769,34360452,0,0,1,7,1277034496,834720,test_r2_cap1280_periodic6_growth,True
shadow,periodic6,2,1280,0.54,8000,917.487355,8917.423413,14815,14815,0,True,True,14815,1.0,14815.0,0.872053,0.376924,7.457918,0.814807,0.3247493339858195,0.332638,12,1,11.402865999999904,0.142363,34360452,0,0,1,7,1277034496,835684,test_r2_cap1280_periodic6_shadow,True
static_base,all_delta,2,1280,0.54,8000,867.41951,8867.355983,14815,14815,0,True,True,14815,1.0,14815.0,0.869277,0.375595,6.253116,0.812572,0.3239162550793137,0.329733,10,0,0,0,0,0,0,0,1,1277034496,835700,test_r2_cap1280_static_base,True
static_final,all_delta,2,1280,0.54,8000,1200.601297,9200.560443,14815,14815,0,True,True,14815,1.0,14815.0,2.418916,0.450664,9.364317,0.935772,0.4145084902463749,1.879099,16,0,0,0,0,0,0,0,1,1277034496,1043328,test_r2_cap1280_static_final,False
growth,tier4,2,1280,0.54,8000,824.562628,8824.534081,14815,14815,0,True,True,14815,1.0,14815.0,0.990962999999,0.441982,6.87469,0.934011,0.3956886596692561,0.45142,11,1,42.72489199999973,0.0779910000001,70686882,72652860,4,0,3,1277034496,835720,test_r2_cap1280_tier4_growth,True
shadow,tier4,2,1280,0.54,8000,913.530113,8913.458957,14815,14815,0,True,True,14815,1.0,14815.0,0.871392999999,0.377019,7.084173,0.814208,0.324543019979751,0.331915,12,1,43.173231000000214,0.0860590000002,70686882,72652860,4,0,3,1277034496,835644,test_r2_cap1280_tier4_shadow,True
growth,all_delta,2,2048,0.54,8000,831.008861,8830.987352,14815,14815,0,True,True,14815,1.0,14815.0,0.993337999999,0.446997999999,7.27526,0.935525,0.39834724009449446,0.453957999999,12,1,11.645795000000362,0.121113,34360452,0,0,0,7,2082340864,835744,test_r2_cap2048_all_delta_growth,True
shadow,all_delta,2,2048,0.54,8000,914.185734,8914.123645,14815,14815,0,True,True,14815,1.0,14815.0,0.869002,0.375406,6.656611,0.812548999999,0.32324355005062605,0.329486,11,1,10.321754000000055,0.155134999999,34360452,0,0,0,7,2082340864,835700,test_r2_cap2048_all_delta_shadow,True
growth,compact,2,2048,0.54,8000,892.508619,8892.47936,14815,14815,0,True,True,14815,1.0,14815.0,7.246265,0.443311999999,17.177653,0.93674,0.39120027161660353,6.706519,30,1,574.43471,0.0703319999998,2586180240,5103639576,6,0,1,2082340864,1458796,test_r2_cap2048_compact_growth,False
shadow,compact,2,2048,0.54,8000,915.42508,8915.354153,14815,14815,0,True,True,14815,1.0,14815.0,0.873935,0.377378,5.139502,0.815842,0.32631977840027226,0.334542,8,1,504.5947860000001,0.0724819999996,2586180240,5103639576,6,0,1,2082340864,1456540,test_r2_cap2048_compact_shadow,True
growth,periodic6,2,2048,0.54,8000,864.764628,8864.725756,14815,14815,0,True,True,14815,1.0,14815.0,0.992829,0.440068999999,7.408012,0.9352,0.3960226137698309,0.453871,12,1,536.8383789999998,0.11615,466098318,863475732,1,0,1,2082340864,1042244,test_r2_cap2048_periodic6_growth,True
shadow,periodic6,2,2048,0.54,8000,906.108265,8906.04575,14815,14815,0,True,True,14815,1.0,14815.0,0.870488,0.376495,6.813466,0.81359,0.324152585960177,0.331149,11,1,564.1594810000006,0.1312,466098318,863475732,1,0,1,2082340864,1037940,test_r2_cap2048_periodic6_shadow,True
static_base,all_delta,2,2048,0.54,8000,906.176118,8906.113621,14815,14815,0,True,True,14815,1.0,14815.0,0.870449,0.374905,7.240693,0.813641,0.3226442868039167,0.331038,12,0,0,0,0,0,0,0,1,2082340864,835668,test_r2_cap2048_static_base,True
static_final,all_delta,2,2048,0.54,8000,1328.105597,9328.052224,14815,14815,0,True,True,14815,1.0,14815.0,2.078036,0.451531,7.347949,0.936957,0.41489504522443543,1.538308,12,0,0,0,0,0,0,0,1,2082340864,1042244,test_r2_cap2048_static_final,True
growth,tier4,2,2048,0.54,8000,839.167538,8839.136821,14815,14815,0,True,True,14815,1.0,14815.0,0.990929,0.448696,6.868988,0.934071,0.3969044097198752,0.451413,11,1,41.713982999999644,0.0834130000003,70686882,72652860,4,0,3,2082340864,835704,test_r2_cap2048_tier4_growth,True
shadow,tier4,2,2048,0.54,8000,823.136012,8823.064744,14815,14815,0,True,True,14815,1.0,14815.0,0.870169999999,0.376520999999,7.061535,0.813615,0.3242148134998321,0.330873,12,1,38.91349500000024,0.0905750000002,70686882,72652860,4,0,3,2082340864,835640,test_r2_cap2048_tier4_shadow,True
growth,all_delta,3,1280,0.54,8000,939.706715,8939.684014,14815,14815,0,True,True,14815,1.0,14815.0,0.997505,0.445433,7.531636,0.936325,0.39805410664866986,0.457911,12,1,9.510467000000062,0.120026,34360452,0,0,0,7,1277034496,834740,test_r3_cap1280_all_delta_growth,True
shadow,all_delta,3,1280,0.54,8000,913.150366,8913.079551,14815,14815,0,True,True,14815,1.0,14815.0,0.870651,0.376645999999,6.839441,0.813675,0.32354222382720066,0.331267,11,1,10.743206999999984,0.162306,34360452,0,0,0,7,1277034496,834740,test_r3_cap1280_all_delta_shadow,True
growth,compact,3,1280,0.54,8000,836.059369,8836.036669,14815,14815,0,True,True,14815,1.0,14815.0,0.99611,0.44738,7.021111,0.936891,0.3988499586230222,0.457029,12,1,8.98087200000009,0.129916,34360452,0,0,6,7,1277034496,835660,test_r3_cap1280_compact_growth,True
shadow,compact,3,1280,0.54,8000,857.687807,8857.61728,14815,14815,0,True,True,14815,1.0,14815.0,0.883585,0.373425,6.288876,0.81594,0.3238576795815049,0.344480999999,10,1,9.922806000000037,0.140166,34360452,0,0,6,7,1277034496,835732,test_r3_cap1280_compact_shadow,True
growth,periodic6,3,1280,0.54,8000,904.104131,8904.078771,14815,14815,0,True,True,14815,1.0,14815.0,0.991531,0.446203,6.272527,0.934546,0.39717655497806453,0.452236,10,1,9.816699999999855,0.121229,34360452,0,0,1,7,1277034496,834736,test_r3_cap1280_periodic6_growth,True
shadow,periodic6,3,1280,0.54,8000,919.218806,8919.157782,14815,14815,0,True,True,14815,1.0,14815.0,0.869433,0.374893,6.94481,0.812878,0.3221570497468786,0.330347,11,1,10.550386000000344,0.131925000001,34360452,0,0,1,7,1277034496,835676,test_r3_cap1280_periodic6_shadow,True
static_base,all_delta,3,1280,0.54,8000,944.759278,8944.695061,14815,14815,0,True,True,14815,1.0,14815.0,0.870625,0.376407,7.050984,0.813603,0.32370930725616026,0.331258,12,0,0,0,0,0,0,0,1,1277034496,834756,test_r3_cap1280_static_base,True
static_final,all_delta,3,1280,0.54,8000,1197.540094,9197.503892,14815,14815,0,True,True,14815,1.0,14815.0,1.078574,0.448787,7.069098,0.934168,0.4132421455956838,0.538829,12,0,0,0,0,0,0,0,1,1277034496,1043144,test_r3_cap1280_static_final,True
growth,tier4,3,1280,0.54,8000,903.882153,8903.851868,14815,14815,0,True,True,14815,1.0,14815.0,0.990185,0.441572,6.945138,0.933821,0.39606977455281367,0.450634,11,1,41.60010599999987,0.0722040000001,70686882,72652860,4,0,3,1277034496,835684,test_r3_cap1280_tier4_growth,True
shadow,tier4,3,1280,0.54,8000,840.063873,8839.993543,14815,14815,0,True,True,14815,1.0,14815.0,0.86859,0.374783,6.586874,0.812164,0.32333513985825474,0.32916,11,1,43.536495999999715,0.0791209999998,70686882,72652860,4,0,3,1277034496,835700,test_r3_cap1280_tier4_shadow,True
growth,all_delta,3,2048,0.54,8000,817.801561,8817.779225,14815,14815,0,True,True,14815,1.0,14815.0,0.994528,0.445857,6.396675,0.936324999999,0.3971468513668581,0.454957999999,10,1,11.245604999999614,0.118064,34360452,0,0,0,7,2082340864,835672,test_r3_cap2048_all_delta_growth,True
shadow,all_delta,3,2048,0.54,8000,840.579967,8840.510263,14815,14815,0,True,True,14815,1.0,14815.0,0.868632,0.373949,6.767277,0.811976,0.3221778376645334,0.329051,11,1,10.481600999999955,0.140262,34360452,0,0,0,7,2082340864,835700,test_r3_cap2048_all_delta_shadow,True
growth,compact,3,2048,0.54,8000,903.335307,8903.298892,14815,14815,0,True,True,14815,1.0,14815.0,12.586312,0.434778999999,24.785877,0.93543,0.3897045327033462,12.04668,44,1,567.8078910000004,0.0693410000003,2586180240,5103639576,6,0,1,2082340864,1459132,test_r3_cap2048_compact_growth,False
shadow,compact,3,2048,0.54,8000,847.059404,8846.994774,14815,14815,0,True,True,14815,1.0,14815.0,0.871147,0.374139,5.965849,0.812461,0.3218462221397289,0.331507,10,1,571.5317070000001,0.140018,2586180240,5103639576,6,0,1,2082340864,1455520,test_r3_cap2048_compact_shadow,True
growth,periodic6,3,2048,0.54,8000,823.052872,8823.013689,14815,14815,0,True,True,14815,1.0,14815.0,0.995505,0.439567,6.207055,0.934681000001,0.3951040647991931,0.455787,10,1,581.6243199999999,0.10651,466098318,863475732,1,0,1,2082340864,1041228,test_r3_cap2048_periodic6_growth,True
shadow,periodic6,3,2048,0.54,8000,951.251439,8951.185626,14815,14815,0,True,True,14815,1.0,14815.0,0.865641,0.372058,8.315485,0.808284,0.3210414112723612,0.326129,14,1,652.5225920000003,0.0906600000008,466098318,863475732,1,0,1,2082340864,1037700,test_r3_cap2048_periodic6_shadow,True
static_base,all_delta,3,2048,0.54,8000,829.452048,8829.381928,14815,14815,0,True,True,14815,1.0,14815.0,0.869033,0.374640999999,6.193467,0.812504,0.32165178582517784,0.329571,10,0,0,0,0,0,0,0,1,2082340864,835664,test_r3_cap2048_static_base,True
static_final,all_delta,3,2048,0.54,8000,1191.956239,9191.922637,14815,14815,0,True,True,14815,1.0,14815.0,0.993609,0.448885,6.698601,0.934364,0.4132421460006764,0.454604,11,0,0,0,0,0,0,0,1,2082340864,1042400,test_r3_cap2048_static_final,True
growth,tier4,3,2048,0.54,8000,869.400575,8869.376351,14815,14815,0,True,True,14815,1.0,14815.0,0.990821,0.441860999999,6.299848,0.933972,0.3958652498818822,0.451291,10,1,42.724101999999675,0.111228000001,70686882,72652860,4,0,3,2082340864,835660,test_r3_cap2048_tier4_growth,True
shadow,tier4,3,2048,0.54,8000,882.836482,8882.763089,14815,14815,0,True,True,14815,1.0,14815.0,0.871374,0.377063,6.501103,0.814812,0.3240361906851149,0.331999,11,1,47.60631599999988,0.106776,70686882,72652860,4,0,3,2082340864,835696,test_r3_cap2048_tier4_shadow,True
